<?xml version="1.0" encoding="utf-8" ?>
<dwsync>
<file name="1.gif" server="C:/wamp/www/Ketab1/" local="129818123940000000" remote="129818123940000000" />
<file name="10.gif" server="C:/wamp/www/Ketab1/" local="129818123940000000" remote="129818123940000000" />
<file name="11.gif" server="C:/wamp/www/Ketab1/" local="129818123940000000" remote="129818123940000000" />
<file name="12.gif" server="C:/wamp/www/Ketab1/" local="129818123960000000" remote="129818123960000000" />
<file name="13.gif" server="C:/wamp/www/Ketab1/" local="129818123960000000" remote="129818123960000000" />
<file name="14.gif" server="C:/wamp/www/Ketab1/" local="129818123960000000" remote="129818123960000000" />
<file name="15.gif" server="C:/wamp/www/Ketab1/" local="129818123960000000" remote="129818123960000000" />
<file name="16.gif" server="C:/wamp/www/Ketab1/" local="129818123960000000" remote="129818123960000000" />
<file name="17.gif" server="C:/wamp/www/Ketab1/" local="129818123960000000" remote="129818123960000000" />
<file name="18.gif" server="C:/wamp/www/Ketab1/" local="129818123980000000" remote="129818123980000000" />
<file name="2.gif" server="C:/wamp/www/Ketab1/" local="129818123920000000" remote="129818123920000000" />
<file name="3.gif" server="C:/wamp/www/Ketab1/" local="129818123940000000" remote="129818123940000000" />
<file name="4.gif" server="C:/wamp/www/Ketab1/" local="129818123920000000" remote="129818123920000000" />
<file name="5.gif" server="C:/wamp/www/Ketab1/" local="129818123940000000" remote="129818123940000000" />
<file name="6.gif" server="C:/wamp/www/Ketab1/" local="129818123940000000" remote="129818123940000000" />
<file name="7.gif" server="C:/wamp/www/Ketab1/" local="129818123940000000" remote="129818123940000000" />
<file name="8.gif" server="C:/wamp/www/Ketab1/" local="129818123940000000" remote="129818123940000000" />
<file name="9.gif" server="C:/wamp/www/Ketab1/" local="129818123940000000" remote="129818123940000000" />
<file name="about_bg.jpg" server="C:/wamp/www/Ketab1/" local="129818142080000000" remote="129818142080000000" />
<file name="about_bottom.jpg" server="C:/wamp/www/Ketab1/" local="129818142080000000" remote="129818142080000000" />
<file name="about_title.jpg" server="C:/wamp/www/Ketab1/" local="129818123860000000" remote="129818123860000000" />
<file name="about_top.jpg" server="C:/wamp/www/Ketab1/" local="129818142060000000" remote="129818142060000000" />
<file name="base.jpg" server="C:/wamp/www/Ketab1/" local="129818142040000000" remote="129818142040000000" />
<file name="bcontent_bg.jpg" server="C:/wamp/www/Ketab1/" local="129818123900000000" remote="129818123900000000" />
<file name="bcontent_bottom.jpg" server="C:/wamp/www/Ketab1/" local="129818123900000000" remote="129818123900000000" />
<file name="bcontent_top.jpg" server="C:/wamp/www/Ketab1/" local="129818123900000000" remote="129818123900000000" />
<file name="bg.jpg" server="C:/wamp/www/Ketab1/" local="129818141980000000" remote="129818141980000000" />
<file name="box_bg.jpg" server="C:/wamp/www/Ketab1/" local="129818123900000000" remote="129818123900000000" />
<file name="box_bottom.jpg" server="C:/wamp/www/Ketab1/" local="129818123900000000" remote="129818123900000000" />
<file name="box_icons.png" server="C:/wamp/www/Ketab1/" local="129818123900000000" remote="129818123900000000" />
<file name="box_title.jpg" server="C:/wamp/www/Ketab1/" local="129818123900000000" remote="129818123900000000" />
<file name="box_top.jpg" server="C:/wamp/www/Ketab1/" local="129818123900000000" remote="129818123900000000" />
<file name="content_bg.png" server="C:/wamp/www/Ketab1/" local="129818142060000000" remote="129818142060000000" />
<file name="content_bottom.jpg" server="C:/wamp/www/Ketab1/" local="129818142100000000" remote="129818142100000000" />
<file name="content_top.jpg" server="C:/wamp/www/Ketab1/" local="129818142060000000" remote="129818142060000000" />
<file name="footer_bg.png" server="C:/wamp/www/Ketab1/" local="129818142100000000" remote="129818142100000000" />
<file name="footer_left.png" server="C:/wamp/www/Ketab1/" local="129818142120000000" remote="129818142120000000" />
<file name="footer_right.png" server="C:/wamp/www/Ketab1/" local="129818142100000000" remote="129818142100000000" />
<file name="li_bg.png" server="C:/wamp/www/Ketab1/" local="129818142060000000" remote="129818142060000000" />
<file name="MAADGIG.IR.png" server="C:/wamp/www/Ketab1/" local="129870805380000000" remote="129870805380000000" />
<file name="mail.jpg" server="C:/wamp/www/Ketab1/" local="129818123880000000" remote="129818123880000000" />
<file name="menu_li.jpg" server="C:/wamp/www/Ketab1/" local="129818142080000000" remote="129818142080000000" />
<file name="menu_title.jpg" server="C:/wamp/www/Ketab1/" local="129818142080000000" remote="129818142080000000" />
<file name="middle.png" server="C:/wamp/www/Ketab1/" local="130814223454220092" remote="130814223450000000" />
<file name="post2_bg.jpg" server="C:/wamp/www/Ketab1/" local="129818123920000000" remote="129818123920000000" />
<file name="post2_bottom.jpg" server="C:/wamp/www/Ketab1/" local="129818123980000000" remote="129818123980000000" />
<file name="post2_top.jpg" server="C:/wamp/www/Ketab1/" local="129818123920000000" remote="129818123920000000" />
<file name="post_bg.jpg" server="C:/wamp/www/Ketab1/" local="129818142080000000" remote="129818142080000000" />
<file name="post_bottom.jpg" server="C:/wamp/www/Ketab1/" local="129818142100000000" remote="129818142100000000" />
<file name="post_top.jpg" server="C:/wamp/www/Ketab1/" local="129818142080000000" remote="129818142080000000" />
<file name="s1.png" server="C:/wamp/www/Ketab1/" local="129818142080000000" remote="129818142080000000" />
<file name="s2.png" server="C:/wamp/www/Ketab1/" local="129818142080000000" remote="129818142080000000" />
<file name="s3.png" server="C:/wamp/www/Ketab1/" local="129818142080000000" remote="129818142080000000" />
<file name="s4.png" server="C:/wamp/www/Ketab1/" local="129818142100000000" remote="129818142100000000" />
<file name="s5.png" server="C:/wamp/www/Ketab1/" local="129818142100000000" remote="129818142100000000" />
<file name="s6.png" server="C:/wamp/www/Ketab1/" local="129818142100000000" remote="129818142100000000" />
<file name="shomarehesab.png" server="C:/wamp/www/Ketab1/" local="129818150820000000" remote="129818150820000000" />
<file name="tel.jpg" server="C:/wamp/www/Ketab1/" local="129818123900000000" remote="129818123900000000" />
<file name="tickonline.ir.html" server="C:/wamp/www/Ketab1/" local="129823434040000000" remote="129823434040000000" />
<file name="tickonline.ir.jpg" server="C:/wamp/www/Ketab1/" local="129858705980000000" remote="129858705980000000" />
<file name="ticonlone.ir.png" server="C:/wamp/www/Ketab1/" local="129871071040000000" remote="129871071040000000" />
<file name="top.jpg" server="C:/wamp/www/Ketab1/" local="129818142040000000" remote="129818142040000000" />
<file name="topmenu_bg.png" server="C:/wamp/www/Ketab1/" local="129818142060000000" remote="129818142060000000" />
<file name="topmenu_left.png" server="C:/wamp/www/Ketab1/" local="129818142060000000" remote="129818142060000000" />
<file name="topmenu_right.png" server="C:/wamp/www/Ketab1/" local="129818142040000000" remote="129818142040000000" />
<file name="yahoo.jpg" server="C:/wamp/www/Ketab1/" local="129818123880000000" remote="129818123880000000" />
<file name="basket.png" server="C:/wamp/www/Ketab1/" local="130713318366840067" remote="130713318360000000" />
<file name="Untitled.png" server="C:/wamp/www/Ketab1/" local="130714904104399548" remote="130714904100000000" />
<file name="Wallpaper  (5)-tn.jpg" server="C:/wamp/www/Ketab1/" local="130715104312189620" remote="130715104310000000" />
<file name="Wallpaper  (5).jpg" server="C:/wamp/www/Ketab1/" local="130715104301308997" remote="130715104300000000" />
<file name="Wallpaper  (6)-tn.jpg" server="C:/wamp/www/Ketab1/" local="130715104313959721" remote="130715104310000000" />
<file name="Wallpaper  (6).jpg" server="C:/wamp/www/Ketab1/" local="130715104304259166" remote="130715104300000000" />
<file name="Wallpaper  (7)-tn.jpg" server="C:/wamp/www/Ketab1/" local="130715104315689820" remote="130715104310000000" />
<file name="Wallpaper  (7).jpg" server="C:/wamp/www/Ketab1/" local="130715104307209335" remote="130715104300000000" />
<file name="Wallpaper  (8)-tn.jpg" server="C:/wamp/www/Ketab1/" local="130715104317519924" remote="130715104310000000" />
<file name="Wallpaper  (8).jpg" server="C:/wamp/www/Ketab1/" local="130715104310369515" remote="130715104310000000" />
<file name="admin.jpg" server="C:/wamp/www/Ketab1/" local="130720065179371829" remote="130720065170000000" />
<file name="akhbar.jpg" server="C:/wamp/www/Ketab1/" local="130807267520898571" remote="130807267520000000" />
<file name="anbar.jpg" server="C:/wamp/www/Ketab1/" local="130720066843877033" remote="130720066840000000" />
<file name="anjoman.jpg" server="C:/wamp/www/Ketab1/" local="130807267861408047" remote="130807267860000000" />
<file name="anjoman.png" server="C:/wamp/www/Ketab1/" local="130814159856162491" remote="130814159850000000" />
<file name="daramad.jpg" server="C:/wamp/www/Ketab1/" local="130813391456560768" remote="130813391450000000" />
<file name="darbare.png" server="C:/wamp/www/Ketab1/" local="130814161505296816" remote="130814161500000000" />
<file name="daste.png" server="C:/wamp/www/Ketab1/" local="130814174988177993" remote="130814174980000000" />
<file name="del.php" server="C:/wamp/www/Ketab1/" local="130720062268255322" remote="130720062260000000" />
<file name="ertebat.jpg" server="C:/wamp/www/Ketab1/" local="129818123880000000" remote="129818123880000000" />
<file name="hazine.jpg" server="C:/wamp/www/Ketab1/" local="130813393606153717" remote="130813393600000000" />
<file name="hesab.jpg" server="C:/wamp/www/Ketab1/" local="130813394037458386" remote="130813394030000000" />
<file name="hesabdar.jpg" server="C:/wamp/www/Ketab1/" local="130720068540684085" remote="130720068540000000" />
<file name="home.png" server="C:/wamp/www/Ketab1/" local="130810873919968700" remote="130810873910000000" />
<file name="images-tn.jpg" server="C:/wamp/www/Ketab1/" local="130813343596103306" remote="130813343590000000" />
<file name="images.2jpg-tn.jpg" server="C:/wamp/www/Ketab1/" local="130813343595883293" remote="130813343590000000" />
<file name="images.2jpg.jpg" server="C:/wamp/www/Ketab1/" local="130813343595233256" remote="130813343590000000" />
<file name="images.jpg" server="C:/wamp/www/Ketab1/" local="130813343595673281" remote="130813343590000000" />
<file name="kalameoboor.jpg" server="C:/wamp/www/Ketab1/" local="130720066541579742" remote="130720066540000000" />
<file name="logiiin.png" server="C:/wamp/www/Ketab1/" local="130719227675880605" remote="130719227670000000" />
<file name="news.png" server="C:/wamp/www/Ketab1/" local="130814178798225915" remote="130814178790000000" />
<file name="nokhost.png" server="C:/wamp/www/Ketab1/" local="130814156046554594" remote="130814156040000000" />
<file name="sabtnam.png" server="C:/wamp/www/Ketab1/" local="130814158215128629" remote="130814158210000000" />
<file name="searh.png" server="C:/wamp/www/Ketab1/" local="130814160855289638" remote="130814160850000000" />
<file name="tablighat.jpg" server="C:/wamp/www/Ketab1/" local="130807266463098069" remote="130807266460000000" />
<file name="tamas.jpg" server="C:/wamp/www/Ketab1/" local="130807266790866816" remote="130807266790000000" />
<file name="tamas.png" server="C:/wamp/www/Ketab1/" local="130814162020216268" remote="130814162020000000" />
<file name="vorood.png" server="C:/wamp/www/Ketab1/" local="130814175990285310" remote="130814175990000000" />
</dwsync>