<?xml version="1.0" encoding="utf-8" ?>
<dwsync>
<file name="coin-slider.js" server="C:/wamp/www/Ketab1/" local="129818116740000000" remote="129818116740000000" />
<file name="index.php" server="C:/wamp/www/Ketab1/" local="130823849539167757" remote="130823849530000000" />
<file name="style.css" server="C:/wamp/www/Ketab1/" local="130823778627881863" remote="130823778620000000" />
<file name="checkuser.php" server="C:/wamp/www/Ketab1/" local="130818580210000000" remote="130818580210000000" />
<file name="adminlogin.php" server="C:/wamp/www/Ketab1/" local="130818666475254596" remote="130818666470000000" />
<file name="logout.php" server="C:/wamp/www/Ketab1/" local="130713261048337061" remote="130713261040000000" />
<file name="register.php" server="C:/wamp/www/Ketab1/" local="130823788963563030" remote="130823788960000000" />
<file name="topmenu.php" server="C:/wamp/www/Ketab1/" local="130814165950031040" remote="130814165950000000" />
<file name="about.php" server="C:/wamp/www/Ketab1/" local="130823789468291899" remote="130823789460000000" />
<file name="darkhast.php" server="C:/wamp/www/Ketab1/" local="130823789340794607" remote="130823789340000000" />
<file name="footer.php" server="C:/wamp/www/Ketab1/" local="130823934799828020" remote="130823934790000000" />
<file name="htaccess" server="C:/wamp/www/Ketab1/" local="130820392884479750" remote="130820392880000000" />
<file name="map.php" server="C:/wamp/www/Ketab1/" local="130824007363984354" remote="130824007360000000" />
<file name="moshakhasat.php" server="C:/wamp/www/Ketab1/" local="130823827387930778" remote="130823827380000000" />
<file name="namayesh.php" server="C:/wamp/www/Ketab1/" local="130824011623127963" remote="130824011620000000" />
<file name="pic.php" server="C:/wamp/www/Ketab1/" local="130818551682588831" remote="130818551680000000" />
<file name="pic2.php" server="C:/wamp/www/Ketab1/" local="130818553301081403" remote="130818553300000000" />
<file name="pishnahad.php" server="C:/wamp/www/Ketab1/" local="130823861040345586" remote="130823861040000000" />
<file name="sabtagahi.php" server="C:/wamp/www/Ketab1/" local="130823788639074471" remote="130823788630000000" />
<file name="search.php" server="C:/wamp/www/Ketab1/" local="130823790160861512" remote="130823790160000000" />
<file name="tamas.php" server="C:/wamp/www/Ketab1/" local="130823807174764651" remote="130823807170000000" />
<file name="tamasq.php" server="C:/wamp/www/Ketab1/" local="130823800126921538" remote="130823800120000000" />
<file name="usercontrolpanel.php" server="C:/wamp/www/Ketab1/" local="130823812883831191" remote="130823812880000000" />
<file name="userregister.php" server="C:/wamp/www/Ketab1/" local="130818518436077239" remote="130818518430000000" />
<file name="virayesh.php" server="C:/wamp/www/Ketab1/" local="130823821605030015" remote="130823821600000000" />
<file name="jquery.min.js" server="C:/wamp/www/Ketab1/" local="130050694840000000" remote="130050694840000000" />
</dwsync>