<?xml version="1.0" encoding="utf-8" ?>
<dwsync>
<file name="amazingslider-1.css" server="C:/wamp/www/Ketab1/" local="130719249388652504" remote="130719249380000000" />
<file name="amazingslider.js" server="C:/wamp/www/Ketab1/" local="130670095620000000" remote="130670095620000000" />
<file name="arrows-32-32-0.png" server="C:/wamp/www/Ketab1/" local="130061061000000000" remote="130061061000000000" />
<file name="bottomshadow-110-95-0.png" server="C:/wamp/www/Ketab1/" local="129972793640000000" remote="129972793640000000" />
<file name="bullet-24-24-0.png" server="C:/wamp/www/Ketab1/" local="129971282140000000" remote="129971282140000000" />
<file name="carouselarrows-32-32-0.png" server="C:/wamp/www/Ketab1/" local="130060298100000000" remote="130060298100000000" />
<file name="html5boxplayer.swf" server="C:/wamp/www/Ketab1/" local="130569161880000000" remote="130569161880000000" />
<file name="html5boxplayer_fullscreen.png" server="C:/wamp/www/Ketab1/" local="130265466960000000" remote="130265466960000000" />
<file name="html5boxplayer_hd.png" server="C:/wamp/www/Ketab1/" local="130265455880000000" remote="130265455880000000" />
<file name="html5boxplayer_playpause.png" server="C:/wamp/www/Ketab1/" local="130264891780000000" remote="130264891780000000" />
<file name="html5boxplayer_playvideo.png" server="C:/wamp/www/Ketab1/" local="130449748880000000" remote="130449748880000000" />
<file name="html5boxplayer_volume.png" server="C:/wamp/www/Ketab1/" local="130265426200000000" remote="130265426200000000" />
<file name="initslider-1.js" server="C:/wamp/www/Ketab1/" local="130715104297838799" remote="130715104290000000" />
<file name="jquery.js" server="C:/wamp/www/Ketab1/" local="129902819460000000" remote="129902819460000000" />
<file name="lightbox-close.png" server="C:/wamp/www/Ketab1/" local="130455069880000000" remote="130455069880000000" />
<file name="lightbox-loading.gif" server="C:/wamp/www/Ketab1/" local="130406290520000000" remote="130406290520000000" />
<file name="lightbox-navnext.png" server="C:/wamp/www/Ketab1/" local="130458297180000000" remote="130458297180000000" />
<file name="lightbox-navprev.png" server="C:/wamp/www/Ketab1/" local="130458270040000000" remote="130458270040000000" />
<file name="lightbox-next.png" server="C:/wamp/www/Ketab1/" local="130455072960000000" remote="130455072960000000" />
<file name="lightbox-playvideo.png" server="C:/wamp/www/Ketab1/" local="130449748880000000" remote="130449748880000000" />
<file name="lightbox-prev.png" server="C:/wamp/www/Ketab1/" local="130455073120000000" remote="130455073120000000" />
<file name="navarrows-28-28-0.png" server="C:/wamp/www/Ketab1/" local="129973410680000000" remote="129973410680000000" />
<file name="navbuttonbgimage-28-28-0.png" server="C:/wamp/www/Ketab1/" local="129973411340000000" remote="129973411340000000" />
<file name="navplaypause-28-28-0.png" server="C:/wamp/www/Ketab1/" local="129973417440000000" remote="129973417440000000" />
<file name="playvideo-64-64-0.png" server="C:/wamp/www/Ketab1/" local="130449748880000000" remote="130449748880000000" />
<file name="previewarrow-16-8-0.png" server="C:/wamp/www/Ketab1/" local="129974339500000000" remote="129974339500000000" />
<file name="bottomshadow-110-95-3.png" server="C:/wamp/www/Ketab1/" local="129971881480000000" remote="129971881480000000" />
<file name="previewarrow-16-8-1.png" server="C:/wamp/www/Ketab1/" local="129974340180000000" remote="129974340180000000" />
</dwsync>